,index,word,sum_prob
0,3,pailleteur,2.9300063024515817
1,4,boucher,2.9300063024515817
1,4,narco-analyste,2.9300063024515817
1,4,phraséologue,2.9300063024515817
1,4,mordant,2.9300063024515817
